RoadID,RoadName,RoadNameID,RoadClass,RoadClassName,CityID,CityName,City,UpdateDate
684748V,七里橋,84748,6,市區一般道路,V,臺東縣,TaitungCounty,2022-02-15
684749V,七塊厝,84749,6,市區一般道路,V,臺東縣,TaitungCounty,2022-02-15
684785V,八仙洞,84785,6,市區一般道路,V,臺東縣,TaitungCounty,2022-02-15
684786V,八桑安,84786,6,市區一般道路,V,臺東縣,TaitungCounty,2022-02-15
684001V,八德路,84001,6,市區一般道路,V,臺東縣,TaitungCounty,2018-09-28
684002V,力學路,84002,6,市區一般道路,V,臺東縣,TaitungCounty,2018-09-28
684622V,十股,84622,6,市區一般道路,V,臺東縣,TaitungCounty,2022-02-15
684003V,三民路,84003,6,市區一般道路,V,臺東縣,TaitungCounty,2018-09-28
684004V,三民路,84004,6,市區一般道路,V,臺東縣,TaitungCounty,2018-09-28
684005V,三民路,84005,6,市區一般道路,V,臺東縣,TaitungCounty,2018-09-28
684787V,三間屋,84787,6,市區一般道路,V,臺東縣,TaitungCounty,2022-02-15
684788V,上三崙,84788,6,市區一般道路,V,臺東縣,TaitungCounty,2022-02-15
684823V,上大溪,84823,6,市區一般道路,V,臺東縣,TaitungCounty,2022-02-15
684789V,上田組,84789,6,市區一般道路,V,臺東縣,TaitungCounty,2022-02-15
684006V,上海街,84006,6,市區一般道路,V,臺東縣,TaitungCounty,2018-09-28
684007V,上海街,84007,6,市區一般道路,V,臺東縣,TaitungCounty,2018-09-28
684008V,上麒麟路,84008,6,市區一般道路,V,臺東縣,TaitungCounty,2018-09-28
684790V,下三崙,84790,6,市區一般道路,V,臺東縣,TaitungCounty,2022-02-15
684009V,下里路,84009,6,市區一般道路,V,臺東縣,TaitungCounty,2018-09-28
684691V,下馬,84691,6,市區一般道路,V,臺東縣,TaitungCounty,2022-02-15
684623V,下賓朗,84623,6,市區一般道路,V,臺東縣,TaitungCounty,2022-02-15
684624V,下龍泉,84624,6,市區一般道路,V,臺東縣,TaitungCounty,2022-02-15
684010V,千禧街,84010,6,市區一般道路,V,臺東縣,TaitungCounty,2018-09-28
684011V,土地公路,84011,6,市區一般道路,V,臺東縣,TaitungCounty,2018-09-28
684879V,土坂,84879,6,市區一般道路,V,臺東縣,TaitungCounty,2022-02-15
684012V,土板路,84012,6,市區一般道路,V,臺東縣,TaitungCounty,2018-09-28
684824V,大中寮,84824,6,市區一般道路,V,臺東縣,TaitungCounty,2022-02-15
684013V,大仁街,84013,6,市區一般道路,V,臺東縣,TaitungCounty,2018-09-28
684014V,大仁路,84014,6,市區一般道路,V,臺東縣,TaitungCounty,2018-09-28
684015V,大王路,84015,6,市區一般道路,V,臺東縣,TaitungCounty,2018-09-28
684016V,大正路,84016,6,市區一般道路,V,臺東縣,TaitungCounty,2018-09-28
684601V,大白沙,84601,6,市區一般道路,V,臺東縣,TaitungCounty,2022-02-15
684017V,大同路,84017,6,市區一般道路,V,臺東縣,TaitungCounty,2018-09-28
684018V,大同路,84018,6,市區一般道路,V,臺東縣,TaitungCounty,2018-09-28
684019V,大同路,84019,6,市區一般道路,V,臺東縣,TaitungCounty,2018-09-28
684020V,大同路,84020,6,市區一般道路,V,臺東縣,TaitungCounty,2018-09-28
684021V,大同路,84021,6,市區一般道路,V,臺東縣,TaitungCounty,2018-09-28
684715V,大同路竹林巷,84715,6,市區一般道路,V,臺東縣,TaitungCounty,2022-02-15
684022V,大安路,84022,6,市區一般道路,V,臺東縣,TaitungCounty,2018-09-28
684862V,大竹,84862,6,市區一般道路,V,臺東縣,TaitungCounty,2022-02-15
684825V,大坑,84825,6,市區一般道路,V,臺東縣,TaitungCounty,2022-02-15
684023V,大孝路,84023,6,市區一般道路,V,臺東縣,TaitungCounty,2018-09-28
684024V,大和路,84024,6,市區一般道路,V,臺東縣,TaitungCounty,2018-09-28
684716V,大坡,84716,6,市區一般道路,V,臺東縣,TaitungCounty,2022-02-15
684025V,大坡路,84025,6,市區一般道路,V,臺東縣,TaitungCounty,2018-09-28
684026V,大忠路,84026,6,市區一般道路,V,臺東縣,TaitungCounty,2018-09-28
684027V,大武街,84027,6,市區一般道路,V,臺東縣,TaitungCounty,2018-09-28
684863V,大武街保安巷,84863,6,市區一般道路,V,臺東縣,TaitungCounty,2022-02-15
684028V,大勇街,84028,6,市區一般道路,V,臺東縣,TaitungCounty,2018-09-28
684029V,大勇路,84029,6,市區一般道路,V,臺東縣,TaitungCounty,2018-09-28
684791V,大俱來,84791,6,市區一般道路,V,臺東縣,TaitungCounty,2022-02-15
684692V,大埔,84692,6,市區一般道路,V,臺東縣,TaitungCounty,2022-02-15
684717V,大埔,84717,6,市區一般道路,V,臺東縣,TaitungCounty,2022-02-15
684792V,大峯峯,84792,6,市區一般道路,V,臺東縣,TaitungCounty,2022-02-15
684566V,大埤池產業道路,84566,6,市區一般道路,V,臺東縣,TaitungCounty,2019-12-20
684864V,大鳥,84864,6,市區一般道路,V,臺東縣,TaitungCounty,2022-02-15
684030V,大智街,84030,6,市區一般道路,V,臺東縣,TaitungCounty,2018-09-28
684031V,大順路,84031,6,市區一般道路,V,臺東縣,TaitungCounty,2018-09-28
684032V,大業路,84032,6,市區一般道路,V,臺東縣,TaitungCounty,2018-09-28
684826V,大溪,84826,6,市區一般道路,V,臺東縣,TaitungCounty,2022-02-15
684562V,大溪土板產業道路,84562,6,市區一般道路,V,臺東縣,TaitungCounty,2018-09-28
684033V,大道路,84033,6,市區一般道路,V,臺東縣,TaitungCounty,2018-09-28
684034V,大德路,84034,6,市區一般道路,V,臺東縣,TaitungCounty,2018-09-28
684035V,大學路,84035,6,市區一般道路,V,臺東縣,TaitungCounty,2018-09-28
684036V,大學路一段,84036,6,市區一般道路,V,臺東縣,TaitungCounty,2018-09-28
684037V,大學路二段,84037,6,市區一般道路,V,臺東縣,TaitungCounty,2018-09-28
684038V,大學路三段,84038,6,市區一般道路,V,臺東縣,TaitungCounty,2018-09-28
684039V,小馬路,84039,6,市區一般道路,V,臺東縣,TaitungCounty,2018-09-28
684040V,小康路,84040,6,市區一般道路,V,臺東縣,TaitungCounty,2018-09-28
684693V,山平,84693,6,市區一般道路,V,臺東縣,TaitungCounty,2022-02-15
684041V,山西路,84041,6,市區一般道路,V,臺東縣,TaitungCounty,2018-09-28
684042V,山西路一段,84042,6,市區一般道路,V,臺東縣,TaitungCounty,2018-09-28
684043V,山西路二段,84043,6,市區一般道路,V,臺東縣,TaitungCounty,2018-09-28
684044V,山里路,84044,6,市區一般道路,V,臺東縣,TaitungCounty,2018-09-28
684045V,山林路,84045,6,市區一般道路,V,臺東縣,TaitungCounty,2018-09-28
684657V,山泉,84657,6,市區一般道路,V,臺東縣,TaitungCounty,2022-02-15
684694V,山界,84694,6,市區一般道路,V,臺東縣,TaitungCounty,2022-02-15
684747V,山界,84747,6,市區一般道路,V,臺東縣,TaitungCounty,2022-02-15
684828V,山脚,84828,6,市區一般道路,V,臺東縣,TaitungCounty,2022-02-15
684658V,山富,84658,6,市區一般道路,V,臺東縣,TaitungCounty,2022-02-15
684046V,山富路,84046,6,市區一般道路,V,臺東縣,TaitungCounty,2018-09-28
684827V,山棕寮,84827,6,市區一般道路,V,臺東縣,TaitungCounty,2022-02-15
684659V,山順,84659,6,市區一般道路,V,臺東縣,TaitungCounty,2022-02-15
684718V,山腳,84718,6,市區一般道路,V,臺東縣,TaitungCounty,2022-02-15
684047V,中山東路,84047,6,市區一般道路,V,臺東縣,TaitungCounty,2018-09-28
684048V,中山路,84048,6,市區一般道路,V,臺東縣,TaitungCounty,2018-09-28
684049V,中山路,84049,6,市區一般道路,V,臺東縣,TaitungCounty,2018-09-28
684050V,中山路,84050,6,市區一般道路,V,臺東縣,TaitungCounty,2018-09-28
684051V,中山路,84051,6,市區一般道路,V,臺東縣,TaitungCounty,2018-09-28
684052V,中山路,84052,6,市區一般道路,V,臺東縣,TaitungCounty,2018-09-28
684719V,中山路通水巷,84719,6,市區一般道路,V,臺東縣,TaitungCounty,2022-02-15
684053V,中正北路,84053,6,市區一般道路,V,臺東縣,TaitungCounty,2018-09-28
684054V,中正路,84054,6,市區一般道路,V,臺東縣,TaitungCounty,2018-09-28
684055V,中正路,84055,6,市區一般道路,V,臺東縣,TaitungCounty,2018-09-28
684056V,中正路,84056,6,市區一般道路,V,臺東縣,TaitungCounty,2018-09-28
684057V,中正路,84057,6,市區一般道路,V,臺東縣,TaitungCounty,2018-09-28
684058V,中正路,84058,6,市區一般道路,V,臺東縣,TaitungCounty,2018-09-28
684660V,中正路球庭巷,84660,6,市區一般道路,V,臺東縣,TaitungCounty,2022-02-15
684695V,中石,84695,6,市區一般道路,V,臺東縣,TaitungCounty,2022-02-15
684059V,中石路,84059,6,市區一般道路,V,臺東縣,TaitungCounty,2018-09-28
684060V,中西一路,84060,6,市區一般道路,V,臺東縣,TaitungCounty,2018-09-28
684061V,中西二路,84061,6,市區一般道路,V,臺東縣,TaitungCounty,2018-09-28
684062V,中西三路,84062,6,市區一般道路,V,臺東縣,TaitungCounty,2018-09-28
684661V,中和,84661,6,市區一般道路,V,臺東縣,TaitungCounty,2022-02-15
684063V,中東一路,84063,6,市區一般道路,V,臺東縣,TaitungCounty,2018-09-28
684064V,中東二路,84064,6,市區一般道路,V,臺東縣,TaitungCounty,2018-09-28
684065V,中東三路,84065,6,市區一般道路,V,臺東縣,TaitungCounty,2018-09-28
684793V,中城,84793,6,市區一般道路,V,臺東縣,TaitungCounty,2022-02-15
684066V,中華北路,84066,6,市區一般道路,V,臺東縣,TaitungCounty,2018-09-28
684067V,中華南路,84067,6,市區一般道路,V,臺東縣,TaitungCounty,2018-09-28
684068V,中華路,84068,6,市區一般道路,V,臺東縣,TaitungCounty,2018-09-28
684069V,中華路,84069,6,市區一般道路,V,臺東縣,TaitungCounty,2018-09-28
684070V,中華路,84070,6,市區一般道路,V,臺東縣,TaitungCounty,2018-09-28
684071V,中華路一段,84071,6,市區一般道路,V,臺東縣,TaitungCounty,2018-09-28
684557V,中華路一段,84557,6,市區一般道路,V,臺東縣,TaitungCounty,2018-09-28
684072V,中華路二段,84072,6,市區一般道路,V,臺東縣,TaitungCounty,2018-09-28
684558V,中華路二段,84558,6,市區一般道路,V,臺東縣,TaitungCounty,2018-09-28
684073V,中華路三段,84073,6,市區一般道路,V,臺東縣,TaitungCounty,2018-09-28
684074V,中華路四段,84074,6,市區一般道路,V,臺東縣,TaitungCounty,2018-09-28
684075V,中新街,84075,6,市區一般道路,V,臺東縣,TaitungCounty,2018-09-28
684076V,中新路,84076,6,市區一般道路,V,臺東縣,TaitungCounty,2018-09-28
684794V,中溪,84794,6,市區一般道路,V,臺東縣,TaitungCounty,2022-02-15
684077V,中溪路,84077,6,市區一般道路,V,臺東縣,TaitungCounty,2018-09-28
684696V,中福,84696,6,市區一般道路,V,臺東縣,TaitungCounty,2022-02-15
684602V,中寮,84602,6,市區一般道路,V,臺東縣,TaitungCounty,2022-02-15
684662V,中興,84662,6,市區一般道路,V,臺東縣,TaitungCounty,2022-02-15
684750V,中興,84750,6,市區一般道路,V,臺東縣,TaitungCounty,2022-02-15
684795V,中興,84795,6,市區一般道路,V,臺東縣,TaitungCounty,2022-02-15
684078V,中興路一段,84078,6,市區一般道路,V,臺東縣,TaitungCounty,2018-09-28
684079V,中興路二段,84079,6,市區一般道路,V,臺東縣,TaitungCounty,2018-09-28
684080V,中興路三段,84080,6,市區一般道路,V,臺東縣,TaitungCounty,2018-09-28
684082V,中興路五段,84082,6,市區一般道路,V,臺東縣,TaitungCounty,2018-09-28
684578V,中興路五段,84578,6,市區一般道路,V,臺東縣,TaitungCounty,2022-02-15
684083V,中興路六段,84083,6,市區一般道路,V,臺東縣,TaitungCounty,2018-09-28
684084V,中興路六段690巷,84084,6,市區一般道路,V,臺東縣,TaitungCounty,2018-09-28
684081V,中興路四段,84081,6,市區一般道路,V,臺東縣,TaitungCounty,2018-09-28
684577V,中興路四段,84577,6,市區一般道路,V,臺東縣,TaitungCounty,2022-02-15
684796V,中濱,84796,6,市區一般道路,V,臺東縣,TaitungCounty,2022-02-15
684085V,五十戶路,84085,6,市區一般道路,V,臺東縣,TaitungCounty,2018-09-28
684751V,五線,84751,6,市區一般道路,V,臺東縣,TaitungCounty,2022-02-15
684086V,五權街,84086,6,市區一般道路,V,臺東縣,TaitungCounty,2018-09-28
684087V,五權路,84087,6,市區一般道路,V,臺東縣,TaitungCounty,2018-09-28
684088V,仁一街,84088,6,市區一般道路,V,臺東縣,TaitungCounty,2018-09-28
684093V,仁七街,84093,6,市區一般道路,V,臺東縣,TaitungCounty,2018-09-28
684089V,仁二街,84089,6,市區一般道路,V,臺東縣,TaitungCounty,2018-09-28
684094V,仁八街,84094,6,市區一般道路,V,臺東縣,TaitungCounty,2018-09-28
684090V,仁三街,84090,6,市區一般道路,V,臺東縣,TaitungCounty,2018-09-28
684091V,仁五街,84091,6,市區一般道路,V,臺東縣,TaitungCounty,2018-09-28
684092V,仁六街,84092,6,市區一般道路,V,臺東縣,TaitungCounty,2018-09-28
684095V,仁和街,84095,6,市區一般道路,V,臺東縣,TaitungCounty,2018-09-28
684096V,仁昌街,84096,6,市區一般道路,V,臺東縣,TaitungCounty,2018-09-28
684097V,仁愛街,84097,6,市區一般道路,V,臺東縣,TaitungCounty,2018-09-28
684098V,仁愛路,84098,6,市區一般道路,V,臺東縣,TaitungCounty,2018-09-28
684099V,仁愛路,84099,6,市區一般道路,V,臺東縣,TaitungCounty,2018-09-28
684100V,仁義北路,84100,6,市區一般道路,V,臺東縣,TaitungCounty,2018-09-28
684567V,仁義南路,84567,6,市區一般道路,V,臺東縣,TaitungCounty,2022-02-15
684101V,仁德街,84101,6,市區一般道路,V,臺東縣,TaitungCounty,2018-09-28
684102V,公民路,84102,6,市區一般道路,V,臺東縣,TaitungCounty,2018-09-28
684720V,公園,84720,6,市區一般道路,V,臺東縣,TaitungCounty,2022-02-15
684103V,公園路,84103,6,市區一般道路,V,臺東縣,TaitungCounty,2018-09-28
684603V,公舘,84603,6,市區一般道路,V,臺東縣,TaitungCounty,2022-02-15
684721V,天公巷,84721,6,市區一般道路,V,臺東縣,TaitungCounty,2022-02-15
684104V,天津街,84104,6,市區一般道路,V,臺東縣,TaitungCounty,2018-09-28
684697V,天龍橋,84697,6,市區一般道路,V,臺東縣,TaitungCounty,2022-02-15
684105V,太平右岸堤坊道路,84105,6,市區一般道路,V,臺東縣,TaitungCounty,2018-09-28
684625V,太平村民生路,84625,6,市區一般道路,V,臺東縣,TaitungCounty,2022-02-15
684894V,太平村和平路,84894,6,市區一般道路,V,臺東縣,TaitungCounty,2022-09-03
684106V,太平路,84106,6,市區一般道路,V,臺東縣,TaitungCounty,2018-09-28
684107V,太平路,84107,6,市區一般道路,V,臺東縣,TaitungCounty,2018-09-28
684626V,太平路仁德巷,84626,6,市區一般道路,V,臺東縣,TaitungCounty,2022-02-15
684108V,太金路,84108,6,市區一般道路,V,臺東縣,TaitungCounty,2018-09-28
684109V,太原路,84109,6,市區一般道路,V,臺東縣,TaitungCounty,2018-09-28
684110V,太原路一段,84110,6,市區一般道路,V,臺東縣,TaitungCounty,2018-09-28
684111V,太原路二段,84111,6,市區一般道路,V,臺東縣,TaitungCounty,2018-09-28
684112V,太峰路,84112,6,市區一般道路,V,臺東縣,TaitungCounty,2018-09-28
684113V,太麻里街,84113,6,市區一般道路,V,臺東縣,TaitungCounty,2018-09-28
684114V,太湖路,84114,6,市區一般道路,V,臺東縣,TaitungCounty,2018-09-28
684115V,文山路,84115,6,市區一般道路,V,臺東縣,TaitungCounty,2018-09-28
684698V,文化,84698,6,市區一般道路,V,臺東縣,TaitungCounty,2022-02-15
684722V,文化,84722,6,市區一般道路,V,臺東縣,TaitungCounty,2022-02-15
684116V,文化公園路,84116,6,市區一般道路,V,臺東縣,TaitungCounty,2018-09-28
684117V,文化街,84117,6,市區一般道路,V,臺東縣,TaitungCounty,2018-09-28
684118V,文化路,84118,6,市區一般道路,V,臺東縣,TaitungCounty,2018-09-28
684119V,文化路,84119,6,市區一般道路,V,臺東縣,TaitungCounty,2018-09-28
684120V,文化路,84120,6,市區一般道路,V,臺東縣,TaitungCounty,2018-09-28
684121V,文化路,84121,6,市區一般道路,V,臺東縣,TaitungCounty,2018-09-28
684122V,文心街,84122,6,市區一般道路,V,臺東縣,TaitungCounty,2018-09-28
684123V,文田路,84123,6,市區一般道路,V,臺東縣,TaitungCounty,2018-09-28
684124V,文吉一街,84124,6,市區一般道路,V,臺東縣,TaitungCounty,2018-09-28
684125V,文昌路,84125,6,市區一般道路,V,臺東縣,TaitungCounty,2018-09-28
684126V,文昌路,84126,6,市區一般道路,V,臺東縣,TaitungCounty,2018-09-28
684127V,文泰路,84127,6,市區一般道路,V,臺東縣,TaitungCounty,2018-09-28
684128V,文廣路,84128,6,市區一般道路,V,臺東縣,TaitungCounty,2018-09-28
684129V,日昇路,84129,6,市區一般道路,V,臺東縣,TaitungCounty,2018-09-28
684663V,日新,84663,6,市區一般道路,V,臺東縣,TaitungCounty,2022-02-15
684652V,木坑,84652,6,市區一般道路,V,臺東縣,TaitungCounty,2022-02-15
684627V,比利良,84627,6,市區一般道路,V,臺東縣,TaitungCounty,2022-02-15
684797V,水母丁,84797,6,市區一般道路,V,臺東縣,TaitungCounty,2022-02-15
684664V,水源,84664,6,市區一般道路,V,臺東縣,TaitungCounty,2022-02-15
684865V,水源山,84865,6,市區一般道路,V,臺東縣,TaitungCounty,2022-02-15
684579V,水源街,84579,6,市區一般道路,V,臺東縣,TaitungCounty,2022-02-15
684130V,水源路,84130,6,市區一般道路,V,臺東縣,TaitungCounty,2018-09-28
684131V,水源路,84131,6,市區一般道路,V,臺東縣,TaitungCounty,2018-09-28
684628V,水源頭,84628,6,市區一般道路,V,臺東縣,TaitungCounty,2022-02-15
684723V,水墜,84723,6,市區一般道路,V,臺東縣,TaitungCounty,2022-02-15
684604V,火燒山,84604,6,市區一般道路,V,臺東縣,TaitungCounty,2022-02-15
684653V,仙山,84653,6,市區一般道路,V,臺東縣,TaitungCounty,2022-02-15
684699V,加平,84699,6,市區一般道路,V,臺東縣,TaitungCounty,2022-02-15
684665V,加典,84665,6,市區一般道路,V,臺東縣,TaitungCounty,2022-02-15
684666V,加和,84666,6,市區一般道路,V,臺東縣,TaitungCounty,2022-02-15
684700V,加和,84700,6,市區一般道路,V,臺東縣,TaitungCounty,2022-02-15
684132V,加拉班街,84132,6,市區一般道路,V,臺東縣,TaitungCounty,2018-09-28
684701V,加南,84701,6,市區一般道路,V,臺東縣,TaitungCounty,2022-02-15
684866V,加津林,84866,6,市區一般道路,V,臺東縣,TaitungCounty,2022-02-15
684702V,加樂,84702,6,市區一般道路,V,臺東縣,TaitungCounty,2022-02-15
684867V,加羅坂,84867,6,市區一般道路,V,臺東縣,TaitungCounty,2022-02-15
684133V,北一路,84133,6,市區一般道路,V,臺東縣,TaitungCounty,2018-09-28
684134V,北二路,84134,6,市區一般道路,V,臺東縣,TaitungCounty,2018-09-28
684135V,北三路,84135,6,市區一般道路,V,臺東縣,TaitungCounty,2018-09-28
684829V,北太麻里,84829,6,市區一般道路,V,臺東縣,TaitungCounty,2022-02-15
684136V,北平街,84136,6,市區一般道路,V,臺東縣,TaitungCounty,2018-09-28
684137V,北平街,84137,6,市區一般道路,V,臺東縣,TaitungCounty,2018-09-28
684138V,北安路,84138,6,市區一般道路,V,臺東縣,TaitungCounty,2018-09-28
684830V,北里,84830,6,市區一般道路,V,臺東縣,TaitungCounty,2022-02-15
684752V,北東河,84752,6,市區一般道路,V,臺東縣,TaitungCounty,2022-02-15
684753V,北郡界,84753,6,市區一般道路,V,臺東縣,TaitungCounty,2022-02-15
684754V,北源,84754,6,市區一般道路,V,臺東縣,TaitungCounty,2022-02-15
684724V,北溪,84724,6,市區一般道路,V,臺東縣,TaitungCounty,2022-02-15
684755V,北溪,84755,6,市區一般道路,V,臺東縣,TaitungCounty,2022-02-15
684798V,北溪,84798,6,市區一般道路,V,臺東縣,TaitungCounty,2022-02-15
684831V,北橋,84831,6,市區一般道路,V,臺東縣,TaitungCounty,2022-02-15
684139V,卡吧嗨車道,84139,6,市區一般道路,V,臺東縣,TaitungCounty,2018-09-28
684140V,古庄路,84140,6,市區一般道路,V,臺東縣,TaitungCounty,2018-09-28
684880V,台坂,84880,6,市區一般道路,V,臺東縣,TaitungCounty,2022-02-15
684568V,台板路,84568,6,市區一般道路,V,臺東縣,TaitungCounty,2022-02-15
684142V,四川路,84142,6,市區一般道路,V,臺東縣,TaitungCounty,2018-09-28
684143V,四川路一段,84143,6,市區一般道路,V,臺東縣,TaitungCounty,2018-09-28
684144V,四川路二段,84144,6,市區一般道路,V,臺東縣,TaitungCounty,2018-09-28
684145V,四維路,84145,6,市區一般道路,V,臺東縣,TaitungCounty,2018-09-28
684146V,四維路一段,84146,6,市區一般道路,V,臺東縣,TaitungCounty,2018-09-28
684147V,四維路二段,84147,6,市區一般道路,V,臺東縣,TaitungCounty,2018-09-28
684148V,四維路三段,84148,6,市區一般道路,V,臺東縣,TaitungCounty,2018-09-28
684149V,外環路,84149,6,市區一般道路,V,臺東縣,TaitungCounty,2018-09-28
684667V,市場,84667,6,市區一般道路,V,臺東縣,TaitungCounty,2022-02-15
684150V,市隆路,84150,6,市區一般道路,V,臺東縣,TaitungCounty,2018-09-28
684151V,平等街,84151,6,市區一般道路,V,臺東縣,TaitungCounty,2018-09-28
684152V,平等路,84152,6,市區一般道路,V,臺東縣,TaitungCounty,2018-09-28
684756V,本部落,84756,6,市區一般道路,V,臺東縣,TaitungCounty,2022-02-15
684668V,本源,84668,6,市區一般道路,V,臺東縣,TaitungCounty,2022-02-15
684153V,正氣北路,84153,6,市區一般道路,V,臺東縣,TaitungCounty,2018-09-28
684154V,正氣路,84154,6,市區一般道路,V,臺東縣,TaitungCounty,2018-09-28
684856V,正興,84856,6,市區一般道路,V,臺東縣,TaitungCounty,2022-02-15
684155V,民生街,84155,6,市區一般道路,V,臺東縣,TaitungCounty,2018-09-28
684569V,民生街,84569,6,市區一般道路,V,臺東縣,TaitungCounty,2022-02-15
684156V,民生路,84156,6,市區一般道路,V,臺東縣,TaitungCounty,2018-09-28
684157V,民生路,84157,6,市區一般道路,V,臺東縣,TaitungCounty,2018-09-28
684158V,民生路,84158,6,市區一般道路,V,臺東縣,TaitungCounty,2018-09-28
684159V,民安街,84159,6,市區一般道路,V,臺東縣,TaitungCounty,2018-09-28
684160V,民安路,84160,6,市區一般道路,V,臺東縣,TaitungCounty,2018-09-28
684161V,民有街,84161,6,市區一般道路,V,臺東縣,TaitungCounty,2018-09-28
684162V,民治街,84162,6,市區一般道路,V,臺東縣,TaitungCounty,2018-09-28
684163V,民恆路,84163,6,市區一般道路,V,臺東縣,TaitungCounty,2018-09-28
684580V,民恒路,84580,6,市區一般道路,V,臺東縣,TaitungCounty,2022-02-15
684164V,民航路,84164,6,市區一般道路,V,臺東縣,TaitungCounty,2018-09-28
684165V,民族街,84165,6,市區一般道路,V,臺東縣,TaitungCounty,2018-09-28
684166V,民族路,84166,6,市區一般道路,V,臺東縣,TaitungCounty,2018-09-28
684167V,民族路,84167,6,市區一般道路,V,臺東縣,TaitungCounty,2018-09-28
684168V,民富路,84168,6,市區一般道路,V,臺東縣,TaitungCounty,2018-09-28
684169V,民豐街,84169,6,市區一般道路,V,臺東縣,TaitungCounty,2018-09-28
684170V,民權街,84170,6,市區一般道路,V,臺東縣,TaitungCounty,2018-09-28
684868V,民權街中源巷,84868,6,市區一般道路,V,臺東縣,TaitungCounty,2022-02-15
684171V,民權路,84171,6,市區一般道路,V,臺東縣,TaitungCounty,2018-09-28
684172V,民權路,84172,6,市區一般道路,V,臺東縣,TaitungCounty,2018-09-28
684173V,民權路,84173,6,市區一般道路,V,臺東縣,TaitungCounty,2018-09-28
684174V,永安街,84174,6,市區一般道路,V,臺東縣,TaitungCounty,2018-09-28
684175V,永安路,84175,6,市區一般道路,V,臺東縣,TaitungCounty,2018-09-28
684669V,永盛,84669,6,市區一般道路,V,臺東縣,TaitungCounty,2022-02-15
684799V,永福,84799,6,市區一般道路,V,臺東縣,TaitungCounty,2022-02-15
684176V,永福路,84176,6,市區一般道路,V,臺東縣,TaitungCounty,2018-09-28
684177V,永德路,84177,6,市區一般道路,V,臺東縣,TaitungCounty,2018-09-28
684178V,永樂路,84178,6,市區一般道路,V,臺東縣,TaitungCounty,2018-09-28
684179V,永樂路,84179,6,市區一般道路,V,臺東縣,TaitungCounty,2018-09-28
684180V,永嶺路,84180,6,市區一般道路,V,臺東縣,TaitungCounty,2018-09-28
684670V,永豐,84670,6,市區一般道路,V,臺東縣,TaitungCounty,2022-02-15
684784V,玉水橋,84784,6,市區一般道路,V,臺東縣,TaitungCounty,2022-02-15
684181V,甘泉街,84181,6,市區一般道路,V,臺東縣,TaitungCounty,2018-09-28
684800V,田組,84800,6,市區一般道路,V,臺東縣,TaitungCounty,2022-02-15
684881V,白雲山莊,84881,6,市區一般道路,V,臺東縣,TaitungCounty,2022-02-15
684182V,白蓮路,84182,6,市區一般道路,V,臺東縣,TaitungCounty,2018-09-28
684801V,石門溪,84801,6,市區一般道路,V,臺東縣,TaitungCounty,2022-02-15
684183V,石傘路,84183,6,市區一般道路,V,臺東縣,TaitungCounty,2018-09-28
684184V,立德路,84184,6,市區一般道路,V,臺東縣,TaitungCounty,2018-09-28
684185V,光明路,84185,6,市區一般道路,V,臺東縣,TaitungCounty,2018-09-28
684186V,光復路,84186,6,市區一般道路,V,臺東縣,TaitungCounty,2018-09-28
684187V,光復路,84187,6,市區一般道路,V,臺東縣,TaitungCounty,2018-09-28
684882V,光華農場,84882,6,市區一般道路,V,臺東縣,TaitungCounty,2022-02-15
684188V,光榮街,84188,6,市區一般道路,V,臺東縣,TaitungCounty,2018-09-28
684189V,光榮路,84189,6,市區一般道路,V,臺東縣,TaitungCounty,2018-09-28
684190V,合江路,84190,6,市區一般道路,V,臺東縣,TaitungCounty,2018-09-28
684191V,吉林街,84191,6,市區一般道路,V,臺東縣,TaitungCounty,2018-09-28
684192V,吉林路,84192,6,市區一般道路,V,臺東縣,TaitungCounty,2018-09-28
684193V,吉林路一段,84193,6,市區一般道路,V,臺東縣,TaitungCounty,2018-09-28
684194V,吉林路二段,84194,6,市區一般道路,V,臺東縣,TaitungCounty,2018-09-28
684195V,吉泰路,84195,6,市區一般道路,V,臺東縣,TaitungCounty,2018-09-28
684196V,吉祥街,84196,6,市區一般道路,V,臺東縣,TaitungCounty,2018-09-28
684197V,吉福路,84197,6,市區一般道路,V,臺東縣,TaitungCounty,2018-09-28
684570V,同心街,84570,6,市區一般道路,V,臺東縣,TaitungCounty,2022-02-15
684869V,同心街協力巷,84869,6,市區一般道路,V,臺東縣,TaitungCounty,2022-02-15
684198V,同榮路,84198,6,市區一般道路,V,臺東縣,TaitungCounty,2018-09-28
684199V,同樂街,84199,6,市區一般道路,V,臺東縣,TaitungCounty,2018-09-28
684200V,同興路,84200,6,市區一般道路,V,臺東縣,TaitungCounty,2018-09-28
684201V,后湖路,84201,6,市區一般道路,V,臺東縣,TaitungCounty,2018-09-28
684703V,向陽,84703,6,市區一般道路,V,臺東縣,TaitungCounty,2022-02-15
684202V,圳頭路,84202,6,市區一般道路,V,臺東縣,TaitungCounty,2018-09-28
684832V,多良,84832,6,市區一般道路,V,臺東縣,TaitungCounty,2022-02-15
684903V,多良7鄰至9鄰,84903,6,市區一般道路,V,臺東縣,TaitungCounty,2023-06-03
684833V,多良村瀧,84833,6,市區一般道路,V,臺東縣,TaitungCounty,2022-02-15
684203V,安和路,84203,6,市區一般道路,V,臺東縣,TaitungCounty,2018-09-28
684204V,安和路,84204,6,市區一般道路,V,臺東縣,TaitungCounty,2018-09-28
684883V,安朔,84883,6,市區一般道路,V,臺東縣,TaitungCounty,2022-02-15
684205V,安朔路,84205,6,市區一般道路,V,臺東縣,TaitungCounty,2018-09-28
684206V,安慶街,84206,6,市區一般道路,V,臺東縣,TaitungCounty,2018-09-28
684725V,安樂園,84725,6,市區一般道路,V,臺東縣,TaitungCounty,2022-02-15
684870V,安興,84870,6,市區一般道路,V,臺東縣,TaitungCounty,2022-02-15
684207V,成功路,84207,6,市區一般道路,V,臺東縣,TaitungCounty,2018-09-28
684208V,成功路,84208,6,市區一般道路,V,臺東縣,TaitungCounty,2018-09-28
684209V,成都北路,84209,6,市區一般道路,V,臺東縣,TaitungCounty,2018-09-28
684210V,成都南路,84210,6,市區一般道路,V,臺東縣,TaitungCounty,2018-09-28
684211V,成廣路,84211,6,市區一般道路,V,臺東縣,TaitungCounty,2018-09-28
684212V,有恆路,84212,6,市區一般道路,V,臺東縣,TaitungCounty,2018-09-28
684726V,竹仔尖,84726,6,市區一般道路,V,臺東縣,TaitungCounty,2022-02-15
684895V,竹林巷,84895,6,市區一般道路,V,臺東縣,TaitungCounty,2022-09-03
684802V,竹湖,84802,6,市區一般道路,V,臺東縣,TaitungCounty,2022-02-15
684803V,竹湖村移民,84803,6,市區一般道路,V,臺東縣,TaitungCounty,2022-02-15
684757V,羊橋,84757,6,市區一般道路,V,臺東縣,TaitungCounty,2022-02-15
684213V,自由路,84213,6,市區一般道路,V,臺東縣,TaitungCounty,2018-09-28
684214V,自強路,84214,6,市區一般道路,V,臺東縣,TaitungCounty,2018-09-28
684215V,自強路,84215,6,市區一般道路,V,臺東縣,TaitungCounty,2018-09-28
684216V,至善路,84216,6,市區一般道路,V,臺東縣,TaitungCounty,2018-09-28
684217V,西昌街,84217,6,市區一般道路,V,臺東縣,TaitungCounty,2018-09-28
684671V,西莊,84671,6,市區一般道路,V,臺東縣,TaitungCounty,2022-02-15
684218V,佑民路,84218,6,市區一般道路,V,臺東縣,TaitungCounty,2018-09-28
684219V,利民路,84219,6,市區一般道路,V,臺東縣,TaitungCounty,2018-09-28
684220V,利民路,84220,6,市區一般道路,V,臺東縣,TaitungCounty,2018-09-28
684221V,利吉路,84221,6,市區一般道路,V,臺東縣,TaitungCounty,2018-09-28
684222V,利里武街,84222,6,市區一般道路,V,臺東縣,TaitungCounty,2018-09-28
684223V,利嘉路,84223,6,市區一般道路,V,臺東縣,TaitungCounty,2018-09-28
684904V,志航二街,84904,6,市區一般道路,V,臺東縣,TaitungCounty,2023-06-03
684224V,志航路,84224,6,市區一般道路,V,臺東縣,TaitungCounty,2018-09-28
684225V,志航路一段,84225,6,市區一般道路,V,臺東縣,TaitungCounty,2018-09-28
684226V,志航路二段,84226,6,市區一般道路,V,臺東縣,TaitungCounty,2022-02-15
684227V,志航路三段,84227,6,市區一般道路,V,臺東縣,TaitungCounty,2018-09-28
684629V,改良場,84629,6,市區一般道路,V,臺東縣,TaitungCounty,2022-02-15
684228V,更生北路,84228,6,市區一般道路,V,臺東縣,TaitungCounty,2018-09-28
684229V,更生路,84229,6,市區一般道路,V,臺東縣,TaitungCounty,2018-09-28
684630V,杉原,84630,6,市區一般道路,V,臺東縣,TaitungCounty,2022-02-15
684834V,杉原,84834,6,市區一般道路,V,臺東縣,TaitungCounty,2022-02-15
684835V,沙崙,84835,6,市區一般道路,V,臺東縣,TaitungCounty,2022-02-15
684836V,秀山,84836,6,市區一般道路,V,臺東縣,TaitungCounty,2022-02-15
684230V,育才路,84230,6,市區一般道路,V,臺東縣,TaitungCounty,2018-09-28
684231V,育英路,84231,6,市區一般道路,V,臺東縣,TaitungCounty,2018-09-28
684232V,育樂路,84232,6,市區一般道路,V,臺東縣,TaitungCounty,2018-09-28
684758V,那界,84758,6,市區一般道路,V,臺東縣,TaitungCounty,2022-02-15
684837V,佳崙,84837,6,市區一般道路,V,臺東縣,TaitungCounty,2022-02-15
684704V,初來,84704,6,市區一般道路,V,臺東縣,TaitungCounty,2022-02-15
684233V,初鹿一街,84233,6,市區一般道路,V,臺東縣,TaitungCounty,2018-09-28
684234V,初鹿二街,84234,6,市區一般道路,V,臺東縣,TaitungCounty,2018-09-28
684235V,初鹿三街,84235,6,市區一般道路,V,臺東縣,TaitungCounty,2018-09-28
684631V,和平,84631,6,市區一般道路,V,臺東縣,TaitungCounty,2022-02-15
684871V,和平,84871,6,市區一般道路,V,臺東縣,TaitungCounty,2022-02-15
684236V,和平四號道路,84236,6,市區一般道路,V,臺東縣,TaitungCounty,2018-09-28
684237V,和平街,84237,6,市區一般道路,V,臺東縣,TaitungCounty,2018-09-28
684238V,和平路,84238,6,市區一般道路,V,臺東縣,TaitungCounty,2018-09-28
684239V,和平路,84239,6,市區一般道路,V,臺東縣,TaitungCounty,2018-09-28
684240V,和平路,84240,6,市區一般道路,V,臺東縣,TaitungCounty,2018-09-28
684241V,和平路,84241,6,市區一般道路,V,臺東縣,TaitungCounty,2018-09-28
684242V,和平路,84242,6,市區一般道路,V,臺東縣,TaitungCounty,2018-09-28
684243V,坪頂路,84243,6,市區一般道路,V,臺東縣,TaitungCounty,2018-09-28
684244V,宜灣路,84244,6,市區一般道路,V,臺東縣,TaitungCounty,2018-09-28
684245V,尚武路,84245,6,市區一般道路,V,臺東縣,TaitungCounty,2018-09-28
684246V,岩灣路,84246,6,市區一般道路,V,臺東縣,TaitungCounty,2018-09-28
684247V,忠仁路,84247,6,市區一般道路,V,臺東縣,TaitungCounty,2018-09-28
684248V,忠孝路,84248,6,市區一般道路,V,臺東縣,TaitungCounty,2018-09-28
684249V,忠孝路,84249,6,市區一般道路,V,臺東縣,TaitungCounty,2018-09-28
684250V,忠孝路,84250,6,市區一般道路,V,臺東縣,TaitungCounty,2018-09-28
684804V,忠勇,84804,6,市區一般道路,V,臺東縣,TaitungCounty,2022-02-15
684251V,忠義街,84251,6,市區一般道路,V,臺東縣,TaitungCounty,2018-09-28
684672V,忠慶,84672,6,市區一般道路,V,臺東縣,TaitungCounty,2022-02-15
684896V,拉里吧,84896,6,市區一般道路,V,臺東縣,TaitungCounty,2022-09-03
684252V,拉里吧路,84252,6,市區一般道路,V,臺東縣,TaitungCounty,2018-09-28
684253V,昆明街,84253,6,市區一般道路,V,臺東縣,TaitungCounty,2018-09-28
684254V,昇平路,84254,6,市區一般道路,V,臺東縣,TaitungCounty,2018-09-28
684673V,昌林,84673,6,市區一般道路,V,臺東縣,TaitungCounty,2022-02-15
684632V,明峰,84632,6,市區一般道路,V,臺東縣,TaitungCounty,2022-02-15
684255V,明野路,84255,6,市區一般道路,V,臺東縣,TaitungCounty,2018-09-28
684256V,杭州街,84256,6,市區一般道路,V,臺東縣,TaitungCounty,2018-09-28
684581V,東工南一路,84581,6,市區一般道路,V,臺東縣,TaitungCounty,2022-02-15
684674V,東庄,84674,6,市區一般道路,V,臺東縣,TaitungCounty,2022-02-15
684633V,東成,84633,6,市區一般道路,V,臺東縣,TaitungCounty,2022-02-15
684257V,東利路,84257,6,市區一般道路,V,臺東縣,TaitungCounty,2018-09-28
684571V,東利路,84571,6,市區一般道路,V,臺東縣,TaitungCounty,2022-02-15
684675V,東明,84675,6,市區一般道路,V,臺東縣,TaitungCounty,2022-02-15
684727V,東欣三邨,84727,6,市區一般道路,V,臺東縣,TaitungCounty,2022-02-15
684728V,東欣四邨,84728,6,市區一般道路,V,臺東縣,TaitungCounty,2022-02-15
684258V,東欣路,84258,6,市區一般道路,V,臺東縣,TaitungCounty,2018-09-28
684259V,東峰街,84259,6,市區一般道路,V,臺東縣,TaitungCounty,2018-09-28
684260V,東海路,84260,6,市區一般道路,V,臺東縣,TaitungCounty,2018-09-28
684616V,東清,84616,6,市區一般道路,V,臺東縣,TaitungCounty,2022-02-15
684261V,東發路,84261,6,市區一般道路,V,臺東縣,TaitungCounty,2018-09-28
684262V,東園一街,84262,6,市區一般道路,V,臺東縣,TaitungCounty,2018-09-28
684263V,東園二街,84263,6,市區一般道路,V,臺東縣,TaitungCounty,2018-09-28
684264V,東園三街,84264,6,市區一般道路,V,臺東縣,TaitungCounty,2018-09-28
684265V,東糖街,84265,6,市區一般道路,V,臺東縣,TaitungCounty,2018-09-28
684676V,東興,84676,6,市區一般道路,V,臺東縣,TaitungCounty,2022-02-15
684266V,東興路,84266,6,市區一般道路,V,臺東縣,TaitungCounty,2018-09-28
684729V,松吉,84729,6,市區一般道路,V,臺東縣,TaitungCounty,2022-02-15
684267V,松吉路,84267,6,市區一般道路,V,臺東縣,TaitungCounty,2018-09-28
684268V,松江路,84268,6,市區一般道路,V,臺東縣,TaitungCounty,2018-09-28
684269V,松江路一段,84269,6,市區一般道路,V,臺東縣,TaitungCounty,2018-09-28
684270V,松江路二段,84270,6,市區一般道路,V,臺東縣,TaitungCounty,2018-09-28
684271V,松林路,84271,6,市區一般道路,V,臺東縣,TaitungCounty,2018-09-28
684272V,武昌街,84272,6,市區一般道路,V,臺東縣,TaitungCounty,2018-09-28
684838V,河川,84838,6,市區一般道路,V,臺東縣,TaitungCounty,2022-02-15
684730V,泥水溪,84730,6,市區一般道路,V,臺東縣,TaitungCounty,2022-02-15
684582V,牧場,84582,6,市區一般道路,V,臺東縣,TaitungCounty,2022-02-15
684583V,牧場,84583,6,市區一般道路,V,臺東縣,TaitungCounty,2022-02-15
684273V,知本路,84273,6,市區一般道路,V,臺東縣,TaitungCounty,2018-09-28
684274V,知本路一段,84274,6,市區一般道路,V,臺東縣,TaitungCounty,2018-09-28
684275V,知本路二段,84275,6,市區一般道路,V,臺東縣,TaitungCounty,2018-09-28
684276V,知本路三段,84276,6,市區一般道路,V,臺東縣,TaitungCounty,2018-09-28
684277V,知本路四段,84277,6,市區一般道路,V,臺東縣,TaitungCounty,2018-09-28
684278V,芝田產業道路,84278,6,市區一般道路,V,臺東縣,TaitungCounty,2018-09-28
684279V,芝田路,84279,6,市區一般道路,V,臺東縣,TaitungCounty,2018-09-28
684280V,芝田道路,84280,6,市區一般道路,V,臺東縣,TaitungCounty,2018-09-28
684759V,花固,84759,6,市區一般道路,V,臺東縣,TaitungCounty,2022-02-15
684805V,芹蕉山,84805,6,市區一般道路,V,臺東縣,TaitungCounty,2022-02-15
684281V,金虎路,84281,6,市區一般道路,V,臺東縣,TaitungCounty,2018-09-28
684839V,金崙,84839,6,市區一般道路,V,臺東縣,TaitungCounty,2022-02-15
684282V,金崙火車站道路,84282,6,市區一般道路,V,臺東縣,TaitungCounty,2018-09-28
684760V,金都來,84760,6,市區一般道路,V,臺東縣,TaitungCounty,2022-02-15
684283V,金萱路,84283,6,市區一般道路,V,臺東縣,TaitungCounty,2018-09-28
684761V,金樽,84761,6,市區一般道路,V,臺東縣,TaitungCounty,2022-02-15
684284V,金龍路,84284,6,市區一般道路,V,臺東縣,TaitungCounty,2018-09-28
684806V,長光,84806,6,市區一般道路,V,臺東縣,TaitungCounty,2022-02-15
684285V,長安街,84285,6,市區一般道路,V,臺東縣,TaitungCounty,2018-09-28
684286V,長沙街,84286,6,市區一般道路,V,臺東縣,TaitungCounty,2018-09-28
684287V,長沙街,84287,6,市區一般道路,V,臺東縣,TaitungCounty,2018-09-28
684288V,長春街,84288,6,市區一般道路,V,臺東縣,TaitungCounty,2018-09-28
684677V,長興,84677,6,市區一般道路,V,臺東縣,TaitungCounty,2022-02-15
684807V,長濱,84807,6,市區一般道路,V,臺東縣,TaitungCounty,2022-02-15
684289V,青島街,84289,6,市區一般道路,V,臺東縣,TaitungCounty,2018-09-28
684290V,青海路一段,84290,6,市區一般道路,V,臺東縣,TaitungCounty,2018-09-28
684291V,青海路二段,84291,6,市區一般道路,V,臺東縣,TaitungCounty,2018-09-28
684292V,青海路三段,84292,6,市區一般道路,V,臺東縣,TaitungCounty,2018-09-28
684293V,青海路四段,84293,6,市區一般道路,V,臺東縣,TaitungCounty,2018-09-28
684294V,信義路,84294,6,市區一般道路,V,臺東縣,TaitungCounty,2018-09-28
684295V,信義路,84295,6,市區一般道路,V,臺東縣,TaitungCounty,2018-09-28
684296V,信義路,84296,6,市區一般道路,V,臺東縣,TaitungCounty,2018-09-28
684762V,前寮,84762,6,市區一般道路,V,臺東縣,TaitungCounty,2022-02-15
684297V,南一街,84297,6,市區一般道路,V,臺東縣,TaitungCounty,2018-09-28
684298V,南一路,84298,6,市區一般道路,V,臺東縣,TaitungCounty,2018-09-28
684299V,南二街,84299,6,市區一般道路,V,臺東縣,TaitungCounty,2018-09-28
684300V,南二路,84300,6,市區一般道路,V,臺東縣,TaitungCounty,2018-09-28
684301V,南二路373巷,84301,6,市區一般道路,V,臺東縣,TaitungCounty,2018-09-28
684763V,南八里,84763,6,市區一般道路,V,臺東縣,TaitungCounty,2022-02-15
684302V,南三路,84302,6,市區一般道路,V,臺東縣,TaitungCounty,2018-09-28
684678V,南山新村,84678,6,市區一般道路,V,臺東縣,TaitungCounty,2022-02-15
684303V,南王西街,84303,6,市區一般道路,V,臺東縣,TaitungCounty,2018-09-28
684304V,南王東街,84304,6,市區一般道路,V,臺東縣,TaitungCounty,2018-09-28
684840V,南北坑,84840,6,市區一般道路,V,臺東縣,TaitungCounty,2022-02-15
684305V,南四路,84305,6,市區一般道路,V,臺東縣,TaitungCounty,2018-09-28
684306V,南平街,84306,6,市區一般道路,V,臺東縣,TaitungCounty,2018-09-28
684884V,南田,84884,6,市區一般道路,V,臺東縣,TaitungCounty,2022-02-15
684307V,南田路,84307,6,市區一般道路,V,臺東縣,TaitungCounty,2018-09-28
684872V,南安,84872,6,市區一般道路,V,臺東縣,TaitungCounty,2022-02-15
684808V,南竹湖,84808,6,市區一般道路,V,臺東縣,TaitungCounty,2022-02-15
684308V,南里街,84308,6,市區一般道路,V,臺東縣,TaitungCounty,2018-09-28
684309V,南京路,84309,6,市區一般道路,V,臺東縣,TaitungCounty,2018-09-28
684310V,南昌街,84310,6,市區一般道路,V,臺東縣,TaitungCounty,2018-09-28
684764V,南東河,84764,6,市區一般道路,V,臺東縣,TaitungCounty,2022-02-15
684311V,南島大道,84311,6,市區一般道路,V,臺東縣,TaitungCounty,2018-09-28
684312V,南海路,84312,6,市區一般道路,V,臺東縣,TaitungCounty,2018-09-28
684313V,南清街,84313,6,市區一般道路,V,臺東縣,TaitungCounty,2018-09-28
684731V,南溪,84731,6,市區一般道路,V,臺東縣,TaitungCounty,2022-02-15
684765V,南溪,84765,6,市區一般道路,V,臺東縣,TaitungCounty,2022-02-15
684809V,南溪,84809,6,市區一般道路,V,臺東縣,TaitungCounty,2022-02-15
684605V,南寮,84605,6,市區一般道路,V,臺東縣,TaitungCounty,2022-02-15
684679V,南興,84679,6,市區一般道路,V,臺東縣,TaitungCounty,2022-02-15
684314V,南興路,84314,6,市區一般道路,V,臺東縣,TaitungCounty,2018-09-28
684315V,南龍一路,84315,6,市區一般道路,V,臺東縣,TaitungCounty,2018-09-28
684316V,咸陽街,84316,6,市區一般道路,V,臺東縣,TaitungCounty,2018-09-28
684810V,城子埔,84810,6,市區一般道路,V,臺東縣,TaitungCounty,2022-02-15
684811V,城山,84811,6,市區一般道路,V,臺東縣,TaitungCounty,2022-02-15
684317V,客庄路,84317,6,市區一般道路,V,臺東縣,TaitungCounty,2018-09-28
684318V,建和一街,84318,6,市區一般道路,V,臺東縣,TaitungCounty,2018-09-28
684319V,建和二街,84319,6,市區一般道路,V,臺東縣,TaitungCounty,2018-09-28
684320V,建和三街,84320,6,市區一般道路,V,臺東縣,TaitungCounty,2018-09-28
684321V,建和四街,84321,6,市區一般道路,V,臺東縣,TaitungCounty,2018-09-28
684322V,建國路,84322,6,市區一般道路,V,臺東縣,TaitungCounty,2018-09-28
684323V,建農路,84323,6,市區一般道路,V,臺東縣,TaitungCounty,2018-09-28
684324V,建興路,84324,6,市區一般道路,V,臺東縣,TaitungCounty,2018-09-28
684325V,建興路75巷,84325,6,市區一般道路,V,臺東縣,TaitungCounty,2018-09-28
684634V,後湖,84634,6,市區一般道路,V,臺東縣,TaitungCounty,2022-02-15
684766V,後寮,84766,6,市區一般道路,V,臺東縣,TaitungCounty,2022-02-15
684326V,政通三街,84326,6,市區一般道路,V,臺東縣,TaitungCounty,2018-09-28
684328V,政通五街,84328,6,市區一般道路,V,臺東縣,TaitungCounty,2018-09-28
684327V,政通四街,84327,6,市區一般道路,V,臺東縣,TaitungCounty,2018-09-28
684329V,政通路,84329,6,市區一般道路,V,臺東縣,TaitungCounty,2018-09-28
684767V,柑桔林,84767,6,市區一般道路,V,臺東縣,TaitungCounty,2022-02-15
684330V,柑園路,84330,6,市區一般道路,V,臺東縣,TaitungCounty,2018-09-28
684606V,柚仔湖,84606,6,市區一般道路,V,臺東縣,TaitungCounty,2022-02-15
684331V,柳州街,84331,6,市區一般道路,V,臺東縣,TaitungCounty,2018-09-28
684332V,洛陽街,84332,6,市區一般道路,V,臺東縣,TaitungCounty,2018-09-28
684607V,流麻溝,84607,6,市區一般道路,V,臺東縣,TaitungCounty,2022-02-15
684812V,界橋,84812,6,市區一般道路,V,臺東縣,TaitungCounty,2022-02-15
684333V,科山路,84333,6,市區一般道路,V,臺東縣,TaitungCounty,2018-09-28
684334V,紅谷路,84334,6,市區一般道路,V,臺東縣,TaitungCounty,2018-09-28
684335V,紅葉產業道路,84335,6,市區一般道路,V,臺東縣,TaitungCounty,2018-09-28
684572V,紅葉路,84572,6,市區一般道路,V,臺東縣,TaitungCounty,2022-02-15
684617V,紅頭,84617,6,市區一般道路,V,臺東縣,TaitungCounty,2022-02-15
684336V,美山路,84336,6,市區一般道路,V,臺東縣,TaitungCounty,2018-09-28
684841V,美和,84841,6,市區一般道路,V,臺東縣,TaitungCounty,2022-02-15
684768V,美蘭,84768,6,市區一般道路,V,臺東縣,TaitungCounty,2022-02-15
684822V,胆曼,84822,6,市區一般道路,V,臺東縣,TaitungCounty,2022-02-15
684337V,迪化街,84337,6,市區一般道路,V,臺東縣,TaitungCounty,2018-09-28
684338V,重安路,84338,6,市區一般道路,V,臺東縣,TaitungCounty,2018-09-28
684339V,重慶路,84339,6,市區一般道路,V,臺東縣,TaitungCounty,2018-09-28
684340V,埔中一街,84340,6,市區一般道路,V,臺東縣,TaitungCounty,2018-09-28
684341V,埔中二街,84341,6,市區一般道路,V,臺東縣,TaitungCounty,2018-09-28
684342V,埔新二街,84342,6,市區一般道路,V,臺東縣,TaitungCounty,2018-09-28
684343V,埔新三街,84343,6,市區一般道路,V,臺東縣,TaitungCounty,2018-09-28
684873V,崁仔腳,84873,6,市區一般道路,V,臺東縣,TaitungCounty,2022-02-15
684680V,崁頂,84680,6,市區一般道路,V,臺東縣,TaitungCounty,2022-02-15
684705V,崁頂,84705,6,市區一般道路,V,臺東縣,TaitungCounty,2022-02-15
684344V,崁頂路,84344,6,市區一般道路,V,臺東縣,TaitungCounty,2018-09-28
684345V,徐州街,84345,6,市區一般道路,V,臺東縣,TaitungCounty,2018-09-28
684732V,振興,84732,6,市區一般道路,V,臺東縣,TaitungCounty,2022-02-15
684618V,朗島,84618,6,市區一般道路,V,臺東縣,TaitungCounty,2022-02-15
684608V,柴口,84608,6,市區一般道路,V,臺東縣,TaitungCounty,2022-02-15
684706V,栗園,84706,6,市區一般道路,V,臺東縣,TaitungCounty,2022-02-15
684346V,桂林北路,84346,6,市區一般道路,V,臺東縣,TaitungCounty,2018-09-28
684347V,桂林南路,84347,6,市區一般道路,V,臺東縣,TaitungCounty,2018-09-28
684348V,泰王路,84348,6,市區一般道路,V,臺東縣,TaitungCounty,2018-09-28
684349V,泰平路,84349,6,市區一般道路,V,臺東縣,TaitungCounty,2018-09-28
684635V,泰安,84635,6,市區一般道路,V,臺東縣,TaitungCounty,2022-02-15
684350V,泰安街,84350,6,市區一般道路,V,臺東縣,TaitungCounty,2018-09-28
684351V,浙江路,84351,6,市區一般道路,V,臺東縣,TaitungCounty,2018-09-28
684352V,海岸路,84352,6,市區一般道路,V,臺東縣,TaitungCounty,2018-09-28
684813V,烏石鼻,84813,6,市區一般道路,V,臺東縣,TaitungCounty,2022-02-15
684636V,班鳩,84636,6,市區一般道路,V,臺東縣,TaitungCounty,2022-02-15
684814V,真柄,84814,6,市區一般道路,V,臺東縣,TaitungCounty,2022-02-15
684353V,站前路,84353,6,市區一般道路,V,臺東縣,TaitungCounty,2018-09-28
684609V,草山,84609,6,市區一般道路,V,臺東縣,TaitungCounty,2022-02-15
684842V,荒野,84842,6,市區一般道路,V,臺東縣,TaitungCounty,2022-02-15
684637V,郡界,84637,6,市區一般道路,V,臺東縣,TaitungCounty,2022-02-15
684769V,郡界,84769,6,市區一般道路,V,臺東縣,TaitungCounty,2022-02-15
684354V,馬亨亨大道,84354,6,市區一般道路,V,臺東縣,TaitungCounty,2018-09-28
684584V,馬亨亨大道一段,84584,6,市區一般道路,V,臺東縣,TaitungCounty,2022-02-15
684638V,高台,84638,6,市區一般道路,V,臺東縣,TaitungCounty,2022-02-15
684355V,高台產業道路,84355,6,市區一般道路,V,臺東縣,TaitungCounty,2018-09-28
684356V,高台路,84356,6,市區一般道路,V,臺東縣,TaitungCounty,2018-09-28
684357V,高台路,84357,6,市區一般道路,V,臺東縣,TaitungCounty,2018-09-28
684707V,啞口,84707,6,市區一般道路,V,臺東縣,TaitungCounty,2022-02-15
684885V,啦里吧,84885,6,市區一般道路,V,臺東縣,TaitungCounty,2022-02-15
684897V,啦里吧,84897,6,市區一般道路,V,臺東縣,TaitungCounty,2022-09-03
684573V,啦里吧路,84573,6,市區一般道路,V,臺東縣,TaitungCounty,2022-02-15
684358V,國泰街,84358,6,市區一般道路,V,臺東縣,TaitungCounty,2018-09-28
684359V,基翬路,84359,6,市區一般道路,V,臺東縣,TaitungCounty,2018-09-28
684610V,將軍岩,84610,6,市區一般道路,V,臺東縣,TaitungCounty,2022-02-15
684815V,崎脚,84815,6,市區一般道路,V,臺東縣,TaitungCounty,2022-02-15
684360V,常德路,84360,6,市區一般道路,V,臺東縣,TaitungCounty,2018-09-28
684361V,康定街,84361,6,市區一般道路,V,臺東縣,TaitungCounty,2018-09-28
684362V,康樂路,84362,6,市區一般道路,V,臺東縣,TaitungCounty,2018-09-28
684363V,強國街,84363,6,市區一般道路,V,臺東縣,TaitungCounty,2018-09-28
684364V,教堂道路,84364,6,市區一般道路,V,臺東縣,TaitungCounty,2018-09-28
684365V,梅山路,84365,6,市區一般道路,V,臺東縣,TaitungCounty,2018-09-28
684366V,梅園路,84366,6,市區一般道路,V,臺東縣,TaitungCounty,2018-09-28
684367V,梧州街,84367,6,市區一般道路,V,臺東縣,TaitungCounty,2018-09-28
684368V,清水路,84368,6,市區一般道路,V,臺東縣,TaitungCounty,2018-09-28
684770V,清溪,84770,6,市區一般道路,V,臺東縣,TaitungCounty,2022-02-15
684681V,盛豐,84681,6,市區一般道路,V,臺東縣,TaitungCounty,2022-02-15
684369V,祥和路,84369,6,市區一般道路,V,臺東縣,TaitungCounty,2018-09-28
684708V,規那,84708,6,市區一般道路,V,臺東縣,TaitungCounty,2022-02-15
684370V,連航路,84370,6,市區一般道路,V,臺東縣,TaitungCounty,2018-09-28
684371V,都歷路,84371,6,市區一般道路,V,臺東縣,TaitungCounty,2018-09-28
684771V,都蘭,84771,6,市區一般道路,V,臺東縣,TaitungCounty,2022-02-15
684619V,野銀,84619,6,市區一般道路,V,臺東縣,TaitungCounty,2022-02-15
684886V,陶然莊,84886,6,市區一般道路,V,臺東縣,TaitungCounty,2022-02-15
684733V,陸安,84733,6,市區一般道路,V,臺東縣,TaitungCounty,2022-02-15
684639V,頂永豐,84639,6,市區一般道路,V,臺東縣,TaitungCounty,2022-02-15
684682V,頂庄,84682,6,市區一般道路,V,臺東縣,TaitungCounty,2022-02-15
684640V,頂岩灣,84640,6,市區一般道路,V,臺東縣,TaitungCounty,2022-02-15
684559V,鹿平橋,84559,6,市區一般道路,V,臺東縣,TaitungCounty,2018-09-28
684372V,鹿平橋無名道路,84372,6,市區一般道路,V,臺東縣,TaitungCounty,2018-09-28
684898V,鹿鳴,84898,6,市區一般道路,V,臺東縣,TaitungCounty,2022-09-03
684373V,鹿鳴路,84373,6,市區一般道路,V,臺東縣,TaitungCounty,2018-09-28
684560V,鹿鳴橋,84560,6,市區一般道路,V,臺東縣,TaitungCounty,2018-09-28
684374V,鹿鳴橋無名道路,84374,6,市區一般道路,V,臺東縣,TaitungCounty,2018-09-28
684375V,鹿寮路,84375,6,市區一般道路,V,臺東縣,TaitungCounty,2018-09-28
684376V,麻園路,84376,6,市區一般道路,V,臺東縣,TaitungCounty,2018-09-28
684377V,勝利街,84377,6,市區一般道路,V,臺東縣,TaitungCounty,2018-09-28
684378V,博物館路,84378,6,市區一般道路,V,臺東縣,TaitungCounty,2018-09-28
684379V,博愛民權圓環,84379,6,市區一般道路,V,臺東縣,TaitungCounty,2018-09-28
684380V,博愛路,84380,6,市區一般道路,V,臺東縣,TaitungCounty,2018-09-28
684381V,博愛路,84381,6,市區一般道路,V,臺東縣,TaitungCounty,2018-09-28
684585V,堤防路,84585,6,市區一般道路,V,臺東縣,TaitungCounty,2022-02-15
684642V,富山,84642,6,市區一般道路,V,臺東縣,TaitungCounty,2022-02-15
684844V,富山,84844,6,市區一般道路,V,臺東縣,TaitungCounty,2022-02-15
684874V,富山,84874,6,市區一般道路,V,臺東縣,TaitungCounty,2022-02-15
684382V,富民街,84382,6,市區一般道路,V,臺東縣,TaitungCounty,2018-09-28
684383V,富民路,84383,6,市區一般道路,V,臺東縣,TaitungCounty,2018-09-28
684384V,富岡街,84384,6,市區一般道路,V,臺東縣,TaitungCounty,2018-09-28
684385V,富祥街,84385,6,市區一般道路,V,臺東縣,TaitungCounty,2018-09-28
684386V,富貴街,84386,6,市區一般道路,V,臺東縣,TaitungCounty,2018-09-28
684643V,富源,84643,6,市區一般道路,V,臺東縣,TaitungCounty,2022-02-15
684387V,富源路,84387,6,市區一般道路,V,臺東縣,TaitungCounty,2018-09-28
684388V,富源路,84388,6,市區一般道路,V,臺東縣,TaitungCounty,2018-09-28
684389V,富裕路,84389,6,市區一般道路,V,臺東縣,TaitungCounty,2018-09-28
684390V,富榮路,84390,6,市區一般道路,V,臺東縣,TaitungCounty,2018-09-28
684391V,富榮路,84391,6,市區一般道路,V,臺東縣,TaitungCounty,2018-09-28
684899V,富興,84899,6,市區一般道路,V,臺東縣,TaitungCounty,2022-09-03
684845V,復興屯,84845,6,市區一般道路,V,臺東縣,TaitungCounty,2022-02-15
684392V,復興路,84392,6,市區一般道路,V,臺東縣,TaitungCounty,2018-09-28
684393V,復興路,84393,6,市區一般道路,V,臺東縣,TaitungCounty,2018-09-28
684394V,復興路,84394,6,市區一般道路,V,臺東縣,TaitungCounty,2018-09-28
684395V,復興路,84395,6,市區一般道路,V,臺東縣,TaitungCounty,2018-09-28
684396V,景新路,84396,6,市區一般道路,V,臺東縣,TaitungCounty,2018-09-28
684397V,朝庸路,84397,6,市區一般道路,V,臺東縣,TaitungCounty,2018-09-28
684846V,森川,84846,6,市區一般道路,V,臺東縣,TaitungCounty,2022-02-15
684887V,森永,84887,6,市區一般道路,V,臺東縣,TaitungCounty,2022-02-15
684586V,森永路,84586,6,市區一般道路,V,臺東縣,TaitungCounty,2022-02-15
684888V,森茂,84888,6,市區一般道路,V,臺東縣,TaitungCounty,2022-02-15
684398V,森茂路,84398,6,市區一般道路,V,臺東縣,TaitungCounty,2018-09-28
684851V,温泉,84851,6,市區一般道路,V,臺東縣,TaitungCounty,2022-02-15
684399V,港邊路,84399,6,市區一般道路,V,臺東縣,TaitungCounty,2018-09-28
684400V,湖底路,84400,6,市區一般道路,V,臺東縣,TaitungCounty,2018-09-28
684401V,無名道路1,84401,6,市區一般道路,V,臺東縣,TaitungCounty,2018-09-28
684402V,無名道路2,84402,6,市區一般道路,V,臺東縣,TaitungCounty,2018-09-28
684403V,無名道路3,84403,6,市區一般道路,V,臺東縣,TaitungCounty,2018-09-28
684404V,無名道路4,84404,6,市區一般道路,V,臺東縣,TaitungCounty,2018-09-28
684587V,發電所,84587,6,市區一般道路,V,臺東縣,TaitungCounty,2022-02-15
684588V,華泰路,84588,6,市區一般道路,V,臺東縣,TaitungCounty,2022-02-15
684589V,貴州街,84589,6,市區一般道路,V,臺東縣,TaitungCounty,2022-02-15
684405V,貴陽街,84405,6,市區一般道路,V,臺東縣,TaitungCounty,2018-09-28
684406V,跋邊路,84406,6,市區一般道路,V,臺東縣,TaitungCounty,2018-09-28
684407V,開封街,84407,6,市區一般道路,V,臺東縣,TaitungCounty,2018-09-28
684408V,開封街,84408,6,市區一般道路,V,臺東縣,TaitungCounty,2018-09-28
684773V,隆昌,84773,6,市區一般道路,V,臺東縣,TaitungCounty,2022-02-15
684409V,隆盛路,84409,6,市區一般道路,V,臺東縣,TaitungCounty,2018-09-28
684683V,隆興,84683,6,市區一般道路,V,臺東縣,TaitungCounty,2022-02-15
684410V,雲南路,84410,6,市區一般道路,V,臺東縣,TaitungCounty,2018-09-28
684411V,順安路,84411,6,市區一般道路,V,臺東縣,TaitungCounty,2018-09-28
684774V,順那,84774,6,市區一般道路,V,臺東縣,TaitungCounty,2022-02-15
684684V,順興,84684,6,市區一般道路,V,臺東縣,TaitungCounty,2022-02-15
684412V,傳廣路,84412,6,市區一般道路,V,臺東縣,TaitungCounty,2018-09-28
684816V,僅那鹿角,84816,6,市區一般道路,V,臺東縣,TaitungCounty,2022-02-15
684875V,圓山,84875,6,市區一般道路,V,臺東縣,TaitungCounty,2022-02-15
684413V,圓山路,84413,6,市區一般道路,V,臺東縣,TaitungCounty,2018-09-28
684563V,愛國埔產業道路,84563,6,市區一般道路,V,臺東縣,TaitungCounty,2018-09-28
684876V,愛國蒲,84876,6,市區一般道路,V,臺東縣,TaitungCounty,2022-02-15
684414V,慈鳴路,84414,6,市區一般道路,V,臺東縣,TaitungCounty,2018-09-28
684889V,新化,84889,6,市區一般道路,V,臺東縣,TaitungCounty,2022-02-15
684415V,新化路,84415,6,市區一般道路,V,臺東縣,TaitungCounty,2018-09-28
684890V,新生,84890,6,市區一般道路,V,臺東縣,TaitungCounty,2022-02-15
684574V,新生北路,84574,6,市區一般道路,V,臺東縣,TaitungCounty,2022-02-15
684416V,新生路,84416,6,市區一般道路,V,臺東縣,TaitungCounty,2018-09-28
684417V,新生路,84417,6,市區一般道路,V,臺東縣,TaitungCounty,2018-09-28
684418V,新生路,84418,6,市區一般道路,V,臺東縣,TaitungCounty,2018-09-28
684419V,新生路,84419,6,市區一般道路,V,臺東縣,TaitungCounty,2018-09-28
684590V,新光路,84590,6,市區一般道路,V,臺東縣,TaitungCounty,2022-02-15
684847V,新吉,84847,6,市區一般道路,V,臺東縣,TaitungCounty,2022-02-15
684420V,新成街,84420,6,市區一般道路,V,臺東縣,TaitungCounty,2018-09-28
684421V,新村路,84421,6,市區一般道路,V,臺東縣,TaitungCounty,2018-09-28
684422V,新良路,84422,6,市區一般道路,V,臺東縣,TaitungCounty,2018-09-28
684423V,新和路,84423,6,市區一般道路,V,臺東縣,TaitungCounty,2018-09-28
684709V,新武呂,84709,6,市區一般道路,V,臺東縣,TaitungCounty,2022-02-15
684775V,新社,84775,6,市區一般道路,V,臺東縣,TaitungCounty,2022-02-15
684424V,新社一街,84424,6,市區一般道路,V,臺東縣,TaitungCounty,2018-09-28
684425V,新社二街,84425,6,市區一般道路,V,臺東縣,TaitungCounty,2018-09-28
684426V,新社三街,84426,6,市區一般道路,V,臺東縣,TaitungCounty,2018-09-28
684427V,新政路,84427,6,市區一般道路,V,臺東縣,TaitungCounty,2018-09-28
684848V,新香蘭,84848,6,市區一般道路,V,臺東縣,TaitungCounty,2022-02-15
684428V,新展街,84428,6,市區一般道路,V,臺東縣,TaitungCounty,2018-09-28
684644V,新班鳩,84644,6,市區一般道路,V,臺東縣,TaitungCounty,2022-02-15
684429V,新站一街,84429,6,市區一般道路,V,臺東縣,TaitungCounty,2018-09-28
684430V,新站二街,84430,6,市區一般道路,V,臺東縣,TaitungCounty,2018-09-28
684431V,新站三街,84431,6,市區一般道路,V,臺東縣,TaitungCounty,2018-09-28
684432V,新站路,84432,6,市區一般道路,V,臺東縣,TaitungCounty,2018-09-28
684776V,新部落,84776,6,市區一般道路,V,臺東縣,TaitungCounty,2022-02-15
684857V,新富,84857,6,市區一般道路,V,臺東縣,TaitungCounty,2022-02-15
684591V,新富街,84591,6,市區一般道路,V,臺東縣,TaitungCounty,2022-02-15
684734V,新開園,84734,6,市區一般道路,V,臺東縣,TaitungCounty,2022-02-15
684433V,新園路,84433,6,市區一般道路,V,臺東縣,TaitungCounty,2018-09-28
684434V,新源路,84434,6,市區一般道路,V,臺東縣,TaitungCounty,2018-09-28
684685V,新福,84685,6,市區一般道路,V,臺東縣,TaitungCounty,2022-02-15
684735V,新興,84735,6,市區一般道路,V,臺東縣,TaitungCounty,2022-02-15
684858V,新興,84858,6,市區一般道路,V,臺東縣,TaitungCounty,2022-02-15
684891V,新興,84891,6,市區一般道路,V,臺東縣,TaitungCounty,2022-02-15
684435V,新興一路,84435,6,市區一般道路,V,臺東縣,TaitungCounty,2018-09-28
684592V,新興上路,84592,6,市區一般道路,V,臺東縣,TaitungCounty,2022-02-15
684593V,新興下路,84593,6,市區一般道路,V,臺東縣,TaitungCounty,2022-02-15
684436V,新興路,84436,6,市區一般道路,V,臺東縣,TaitungCounty,2018-09-28
684437V,新興路,84437,6,市區一般道路,V,臺東縣,TaitungCounty,2018-09-28
684777V,新蘭,84777,6,市區一般道路,V,臺東縣,TaitungCounty,2022-02-15
684620V,椰油,84620,6,市區一般道路,V,臺東縣,TaitungCounty,2022-02-15
684611V,楠仔湖,84611,6,市區一般道路,V,臺東縣,TaitungCounty,2022-02-15
684654V,溪北,84654,6,市區一般道路,V,臺東縣,TaitungCounty,2022-02-15
684655V,溪東,84655,6,市區一般道路,V,臺東縣,TaitungCounty,2022-02-15
684656V,溪南,84656,6,市區一般道路,V,臺東縣,TaitungCounty,2022-02-15
684686V,溪埔,84686,6,市區一般道路,V,臺東縣,TaitungCounty,2022-02-15
684849V,溪埔,84849,6,市區一般道路,V,臺東縣,TaitungCounty,2022-02-15
684900V,溪埔,84900,6,市區一般道路,V,臺東縣,TaitungCounty,2022-09-03
684438V,溪埔路,84438,6,市區一般道路,V,臺東縣,TaitungCounty,2018-09-28
684901V,溪埔路,84901,6,市區一般道路,V,臺東縣,TaitungCounty,2022-09-03
684561V,溪蒲橋,84561,6,市區一般道路,V,臺東縣,TaitungCounty,2018-09-28
684439V,溪蒲橋無名道路,84439,6,市區一般道路,V,臺東縣,TaitungCounty,2018-09-28
684850V,溪頭,84850,6,市區一般道路,V,臺東縣,TaitungCounty,2022-02-15
684612V,溫泉,84612,6,市區一般道路,V,臺東縣,TaitungCounty,2022-02-15
684902V,溫泉,84902,6,市區一般道路,V,臺東縣,TaitungCounty,2022-12-17
684645V,溫泉村民生,84645,6,市區一般道路,V,臺東縣,TaitungCounty,2022-02-15
684440V,溫泉路,84440,6,市區一般道路,V,臺東縣,TaitungCounty,2018-09-28
684646V,煙草間,84646,6,市區一般道路,V,臺東縣,TaitungCounty,2022-02-15
684441V,瑞祥路,84441,6,市區一般道路,V,臺東縣,TaitungCounty,2018-09-28
684442V,瑞景路,84442,6,市區一般道路,V,臺東縣,TaitungCounty,2018-09-28
684443V,瑞景路一段,84443,6,市區一般道路,V,臺東縣,TaitungCounty,2018-09-28
684444V,瑞景路二段,84444,6,市區一般道路,V,臺東縣,TaitungCounty,2018-09-28
684445V,瑞景路三段,84445,6,市區一般道路,V,臺東縣,TaitungCounty,2018-09-28
684446V,瑞景路四段,84446,6,市區一般道路,V,臺東縣,TaitungCounty,2018-09-28
684447V,瑞興路,84447,6,市區一般道路,V,臺東縣,TaitungCounty,2018-09-28
684448V,綏遠路,84448,6,市區一般道路,V,臺東縣,TaitungCounty,2018-09-28
684449V,綏遠路一段,84449,6,市區一般道路,V,臺東縣,TaitungCounty,2018-09-28
684450V,綏遠路二段,84450,6,市區一般道路,V,臺東縣,TaitungCounty,2018-09-28
684451V,綏遠路三段,84451,6,市區一般道路,V,臺東縣,TaitungCounty,2018-09-28
684736V,萬安,84736,6,市區一般道路,V,臺東縣,TaitungCounty,2022-02-15
684737V,萬朝,84737,6,市區一般道路,V,臺東縣,TaitungCounty,2022-02-15
684452V,萬朝一路,84452,6,市區一般道路,V,臺東縣,TaitungCounty,2018-09-28
684453V,萬朝二路,84453,6,市區一般道路,V,臺東縣,TaitungCounty,2018-09-28
684647V,萬萬,84647,6,市區一般道路,V,臺東縣,TaitungCounty,2022-02-15
684594V,試驗場,84594,6,市區一般道路,V,臺東縣,TaitungCounty,2022-02-15
684778V,農場,84778,6,市區一般道路,V,臺東縣,TaitungCounty,2022-02-15
684877V,達萬,84877,6,市區一般道路,V,臺東縣,TaitungCounty,2022-02-15
684878V,達興,84878,6,市區一般道路,V,臺東縣,TaitungCounty,2022-02-15
684738V,嘉武,84738,6,市區一般道路,V,臺東縣,TaitungCounty,2022-02-15
684859V,嘉蘭,84859,6,市區一般道路,V,臺東縣,TaitungCounty,2022-02-15
684892V,壽﻿?,84892,6,市區一般道路,V,臺東縣,TaitungCounty,2022-02-15
684454V,寧波街,84454,6,市區一般道路,V,臺東縣,TaitungCounty,2018-09-28
684817V,寧埔,84817,6,市區一般道路,V,臺東縣,TaitungCounty,2022-02-15
684818V,寧埔村移民,84818,6,市區一般道路,V,臺東縣,TaitungCounty,2022-02-15
684455V,寧夏街,84455,6,市區一般道路,V,臺東縣,TaitungCounty,2018-09-28
684456V,榕山路,84456,6,市區一般道路,V,臺東縣,TaitungCounty,2018-09-28
684621V,漁人,84621,6,市區一般道路,V,臺東縣,TaitungCounty,2022-02-15
684648V,漁場,84648,6,市區一般道路,V,臺東縣,TaitungCounty,2022-02-15
684852V,漁場,84852,6,市區一般道路,V,臺東縣,TaitungCounty,2022-02-15
684613V,漁港,84613,6,市區一般道路,V,臺東縣,TaitungCounty,2022-02-15
684457V,漢口街,84457,6,市區一般道路,V,臺東縣,TaitungCounty,2018-09-28
684458V,漢口街,84458,6,市區一般道路,V,臺東縣,TaitungCounty,2018-09-28
684459V,漢中街,84459,6,市區一般道路,V,臺東縣,TaitungCounty,2018-09-28
684460V,漢陽北路,84460,6,市區一般道路,V,臺東縣,TaitungCounty,2018-09-28
684461V,漢陽南路,84461,6,市區一般道路,V,臺東縣,TaitungCounty,2018-09-28
684462V,福全街,84462,6,市區一般道路,V,臺東縣,TaitungCounty,2018-09-28
684595V,福吉一街,84595,6,市區一般道路,V,臺東縣,TaitungCounty,2022-02-15
684463V,福吉二街,84463,6,市區一般道路,V,臺東縣,TaitungCounty,2018-09-28
684464V,福安街,84464,6,市區一般道路,V,臺東縣,TaitungCounty,2018-09-28
684465V,福佑路,84465,6,市區一般道路,V,臺東縣,TaitungCounty,2018-09-28
684466V,福建路,84466,6,市區一般道路,V,臺東縣,TaitungCounty,2018-09-28
684739V,福原,84739,6,市區一般道路,V,臺東縣,TaitungCounty,2022-02-15
684467V,福鹿路,84467,6,市區一般道路,V,臺東縣,TaitungCounty,2018-09-28
684468V,福德街,84468,6,市區一般道路,V,臺東縣,TaitungCounty,2018-09-28
684469V,福德街,84469,6,市區一般道路,V,臺東縣,TaitungCounty,2018-09-28
684596V,福錦路,84596,6,市區一般道路,V,臺東縣,TaitungCounty,2022-02-15
684740V,福錦路池西巷,84740,6,市區一般道路,V,臺東縣,TaitungCounty,2022-02-15
684470V,精誠路,84470,6,市區一般道路,V,臺東縣,TaitungCounty,2018-09-28
684141V,臺板路,84141,6,市區一般道路,V,臺東縣,TaitungCounty,2018-09-28
684860V,賓茂,84860,6,市區一般道路,V,臺東縣,TaitungCounty,2022-02-15
684471V,賓朗路,84471,6,市區一般道路,V,臺東縣,TaitungCounty,2018-09-28
684472V,賓朗路283巷,84472,6,市區一般道路,V,臺東縣,TaitungCounty,2018-09-28
684473V,銀川街,84473,6,市區一般道路,V,臺東縣,TaitungCounty,2018-09-28
684779V,銅鑛,84779,6,市區一般道路,V,臺東縣,TaitungCounty,2022-02-15
684741V,鳳梨園,84741,6,市區一般道路,V,臺東縣,TaitungCounty,2022-02-15
684474V,鳳陽路,84474,6,市區一般道路,V,臺東縣,TaitungCounty,2018-09-28
684475V,廣州街,84475,6,市區一般道路,V,臺東縣,TaitungCounty,2018-09-28
684476V,廣州街,84476,6,市區一般道路,V,臺東縣,TaitungCounty,2018-09-28
684477V,廣東路,84477,6,市區一般道路,V,臺東縣,TaitungCounty,2018-09-28
684687V,廣興,84687,6,市區一般道路,V,臺東縣,TaitungCounty,2022-02-15
684478V,廣興路,84478,6,市區一般道路,V,臺東縣,TaitungCounty,2018-09-28
684479V,廣興路一段,84479,6,市區一般道路,V,臺東縣,TaitungCounty,2018-09-28
684480V,廣興路二段,84480,6,市區一般道路,V,臺東縣,TaitungCounty,2018-09-28
684597V,廣興路三段,84597,6,市區一般道路,V,臺東縣,TaitungCounty,2022-02-15
684853V,德其里,84853,6,市區一般道路,V,臺東縣,TaitungCounty,2022-02-15
684481V,德其街,84481,6,市區一般道路,V,臺東縣,TaitungCounty,2018-09-28
684780V,德高老,84780,6,市區一般道路,V,臺東縣,TaitungCounty,2022-02-15
684482V,德輝路,84482,6,市區一般道路,V,臺東縣,TaitungCounty,2018-09-28
684565V,德興路,84565,6,市區一般道路,V,臺東縣,TaitungCounty,2019-12-20
684483V,慶西路,84483,6,市區一般道路,V,臺東縣,TaitungCounty,2018-09-28
684484V,慶福路,84484,6,市區一般道路,V,臺東縣,TaitungCounty,2018-09-28
684485V,慶錦路,84485,6,市區一般道路,V,臺東縣,TaitungCounty,2018-09-28
684742V,慶豐,84742,6,市區一般道路,V,臺東縣,TaitungCounty,2022-02-15
684710V,摩天,84710,6,市區一般道路,V,臺東縣,TaitungCounty,2022-02-15
684649V,樂山,84649,6,市區一般道路,V,臺東縣,TaitungCounty,2022-02-15
684486V,樂利路,84486,6,市區一般道路,V,臺東縣,TaitungCounty,2018-09-28
684575V,樂利路,84575,6,市區一般道路,V,臺東縣,TaitungCounty,2022-02-15
684819V,樟原,84819,6,市區一般道路,V,臺東縣,TaitungCounty,2022-02-15
684564V,稻葉產業道路,84564,6,市區一般道路,V,臺東縣,TaitungCounty,2018-09-28
684487V,稻葉路,84487,6,市區一般道路,V,臺東縣,TaitungCounty,2018-09-28
684772V,蔴竹林,84772,6,市區一般道路,V,臺東縣,TaitungCounty,2022-02-15
684843V,蔴利霧,84843,6,市區一般道路,V,臺東縣,TaitungCounty,2022-02-15
684488V,鄭州街,84488,6,市區一般道路,V,臺東縣,TaitungCounty,2018-09-28
684820V,黎頭針,84820,6,市區一般道路,V,臺東縣,TaitungCounty,2022-02-15
684821V,齒草埔,84821,6,市區一般道路,V,臺東縣,TaitungCounty,2022-02-15
684489V,學府路,84489,6,市區一般道路,V,臺東縣,TaitungCounty,2018-09-28
684490V,學東路,84490,6,市區一般道路,V,臺東縣,TaitungCounty,2018-09-28
684854V,橋頭,84854,6,市區一般道路,V,臺東縣,TaitungCounty,2022-02-15
684861V,歷坵,84861,6,市區一般道路,V,臺東縣,TaitungCounty,2022-02-15
684614V,燈塔,84614,6,市區一般道路,V,臺東縣,TaitungCounty,2022-02-15
684491V,興民路,84491,6,市區一般道路,V,臺東縣,TaitungCounty,2018-09-28
684492V,興安路,84492,6,市區一般道路,V,臺東縣,TaitungCounty,2018-09-28
684493V,興安路一段,84493,6,市區一般道路,V,臺東縣,TaitungCounty,2018-09-28
684494V,興安路二段,84494,6,市區一般道路,V,臺東縣,TaitungCounty,2018-09-28
684781V,興昌,84781,6,市區一般道路,V,臺東縣,TaitungCounty,2022-02-15
684495V,興航二街,84495,6,市區一般道路,V,臺東縣,TaitungCounty,2018-09-28
684496V,興航街,84496,6,市區一般道路,V,臺東縣,TaitungCounty,2018-09-28
684497V,興盛路,84497,6,市區一般道路,V,臺東縣,TaitungCounty,2018-09-28
684782V,興隆,84782,6,市區一般道路,V,臺東縣,TaitungCounty,2022-02-15
684498V,興隆路,84498,6,市區一般道路,V,臺東縣,TaitungCounty,2018-09-28
684499V,興農路,84499,6,市區一般道路,V,臺東縣,TaitungCounty,2018-09-28
684500V,衡陽路,84500,6,市區一般道路,V,臺東縣,TaitungCounty,2018-09-28
684690V,親水,84690,6,市區一般道路,V,臺東縣,TaitungCounty,2022-02-15
684501V,錦州街,84501,6,市區一般道路,V,臺東縣,TaitungCounty,2018-09-28
684711V,錦屏,84711,6,市區一般道路,V,臺東縣,TaitungCounty,2022-02-15
684598V,錦園路,84598,6,市區一般道路,V,臺東縣,TaitungCounty,2022-02-15
684502V,錦新三號道路(伯朗大道),84502,6,市區一般道路,V,臺東縣,TaitungCounty,2018-09-28
684503V,隧道路,84503,6,市區一般道路,V,臺東縣,TaitungCounty,2018-09-28
684504V,靜安路,84504,6,市區一般道路,V,臺東縣,TaitungCounty,2018-09-28
684743V,靜安路天公巷,84743,6,市區一般道路,V,臺東縣,TaitungCounty,2022-02-15
684744V,靜安路伯公巷,84744,6,市區一般道路,V,臺東縣,TaitungCounty,2022-02-15
684505V,靜修路,84505,6,市區一般道路,V,臺東縣,TaitungCounty,2018-09-28
684506V,館前路,84506,6,市區一般道路,V,臺東縣,TaitungCounty,2018-09-28
684507V,龍一路,84507,6,市區一般道路,V,臺東縣,TaitungCounty,2018-09-28
684513V,龍七路,84513,6,市區一般道路,V,臺東縣,TaitungCounty,2018-09-28
684508V,龍二路,84508,6,市區一般道路,V,臺東縣,TaitungCounty,2018-09-28
684509V,龍三路,84509,6,市區一般道路,V,臺東縣,TaitungCounty,2018-09-28
684511V,龍五路,84511,6,市區一般道路,V,臺東縣,TaitungCounty,2018-09-28
684512V,龍六路,84512,6,市區一般道路,V,臺東縣,TaitungCounty,2018-09-28
684745V,龍仔尾,84745,6,市區一般道路,V,臺東縣,TaitungCounty,2022-02-15
684510V,龍四路,84510,6,市區一般道路,V,臺東縣,TaitungCounty,2018-09-28
684712V,龍泉,84712,6,市區一般道路,V,臺東縣,TaitungCounty,2022-02-15
684514V,龍泉路,84514,6,市區一般道路,V,臺東縣,TaitungCounty,2022-02-15
684515V,龍馬路,84515,6,市區一般道路,V,臺東縣,TaitungCounty,2018-09-28
684650V,龍過脈,84650,6,市區一般道路,V,臺東縣,TaitungCounty,2022-02-15
684615V,龜灣,84615,6,市區一般道路,V,臺東縣,TaitungCounty,2022-02-15
684516V,曙光街,84516,6,市區一般道路,V,臺東縣,TaitungCounty,2018-09-28
684517V,濟南街,84517,6,市區一般道路,V,臺東縣,TaitungCounty,2018-09-28
684518V,濱海路,84518,6,市區一般道路,V,臺東縣,TaitungCounty,2018-09-28
684519V,環山路,84519,6,市區一般道路,V,臺東縣,TaitungCounty,2018-09-28
684520V,環港路,84520,6,市區一般道路,V,臺東縣,TaitungCounty,2018-09-28
684521V,環鎮路,84521,6,市區一般道路,V,臺東縣,TaitungCounty,2018-09-28
684522V,臨海路,84522,6,市區一般道路,V,臺東縣,TaitungCounty,2018-09-28
684523V,臨海路一段,84523,6,市區一般道路,V,臺東縣,TaitungCounty,2018-09-28
684524V,臨海路二段,84524,6,市區一般道路,V,臺東縣,TaitungCounty,2018-09-28
684525V,臨海路三段,84525,6,市區一般道路,V,臺東縣,TaitungCounty,2018-09-28
684526V,臨潼街,84526,6,市區一般道路,V,臺東縣,TaitungCounty,2018-09-28
684893V,歸田,84893,6,市區一般道路,V,臺東縣,TaitungCounty,2022-02-15
684527V,歸綏街,84527,6,市區一般道路,V,臺東縣,TaitungCounty,2018-09-28
684528V,瀋陽街,84528,6,市區一般道路,V,臺東縣,TaitungCounty,2018-09-28
684855V,舊香蘭,84855,6,市區一般道路,V,臺東縣,TaitungCounty,2022-02-15
684783V,舊廍,84783,6,市區一般道路,V,臺東縣,TaitungCounty,2022-02-15
684688V,豐田,84688,6,市區一般道路,V,臺東縣,TaitungCounty,2022-02-15
684529V,豐田路,84529,6,市區一般道路,V,臺東縣,TaitungCounty,2018-09-28
684530V,豐田路,84530,6,市區一般道路,V,臺東縣,TaitungCounty,2018-09-28
684531V,豐田路,84531,6,市區一般道路,V,臺東縣,TaitungCounty,2018-09-28
684532V,豐年路,84532,6,市區一般道路,V,臺東縣,TaitungCounty,2018-09-28
684533V,豐年路一段,84533,6,市區一般道路,V,臺東縣,TaitungCounty,2018-09-28
684534V,豐年路二段,84534,6,市區一般道路,V,臺東縣,TaitungCounty,2018-09-28
684535V,豐谷北路,84535,6,市區一般道路,V,臺東縣,TaitungCounty,2018-09-28
684536V,豐谷南路,84536,6,市區一般道路,V,臺東縣,TaitungCounty,2018-09-28
684537V,豐里街,84537,6,市區一般道路,V,臺東縣,TaitungCounty,2018-09-28
684538V,豐原街,84538,6,市區一般道路,V,臺東縣,TaitungCounty,2018-09-28
684600V,豐康路,84600,6,市區一般道路,V,臺東縣,TaitungCounty,2022-02-15
684539V,豐盛路,84539,6,市區一般道路,V,臺東縣,TaitungCounty,2018-09-28
684540V,豐隆路,84540,6,市區一般道路,V,臺東縣,TaitungCounty,2018-09-28
684541V,豐裕路,84541,6,市區一般道路,V,臺東縣,TaitungCounty,2018-09-28
684542V,豐榮路,84542,6,市區一般道路,V,臺東縣,TaitungCounty,2018-09-28
684543V,豐樂路,84543,6,市區一般道路,V,臺東縣,TaitungCounty,2018-09-28
684576V,豐興路,84576,6,市區一般道路,V,臺東縣,TaitungCounty,2022-02-15
684651V,鎮樂,84651,6,市區一般道路,V,臺東縣,TaitungCounty,2022-02-15
684544V,鎮樂路,84544,6,市區一般道路,V,臺東縣,TaitungCounty,2018-09-28
684545V,鎮樂路120巷,84545,6,市區一般道路,V,臺東縣,TaitungCounty,2018-09-28
684746V,魏厝,84746,6,市區一般道路,V,臺東縣,TaitungCounty,2022-02-15
684713V,瀧下,84713,6,市區一般道路,V,臺東縣,TaitungCounty,2022-02-15
684546V,瀧溪火車站道路,84546,6,市區一般道路,V,臺東縣,TaitungCounty,2018-09-28
684714V,霧鹿,84714,6,市區一般道路,V,臺東縣,TaitungCounty,2022-02-15
684547V,麒麟路,84547,6,市區一般道路,V,臺東縣,TaitungCounty,2018-09-28
684548V,寶桑路,84548,6,市區一般道路,V,臺東縣,TaitungCounty,2018-09-28
684549V,寶華路,84549,6,市區一般道路,V,臺東縣,TaitungCounty,2018-09-28
684550V,寶華路115巷,84550,6,市區一般道路,V,臺東縣,TaitungCounty,2018-09-28
684551V,蘭州街,84551,6,市區一般道路,V,臺東縣,TaitungCounty,2018-09-28
684689V,鐵西,84689,6,市區一般道路,V,臺東縣,TaitungCounty,2022-02-15
684552V,鐵花路,84552,6,市區一般道路,V,臺東縣,TaitungCounty,2018-09-28
684553V,鐵花路,84553,6,市區一般道路,V,臺東縣,TaitungCounty,2018-09-28
684554V,體中路,84554,6,市區一般道路,V,臺東縣,TaitungCounty,2018-09-28
684555V,鹽濱路,84555,6,市區一般道路,V,臺東縣,TaitungCounty,2018-09-28
684556V,鸞山路,84556,6,市區一般道路,V,臺東縣,TaitungCounty,2018-09-28
